ss,smn2_select_lib1_rep1,smn2_select_lib1_rep2,smn2_select_lib1_rep3,smn2_select_lib2_rep1,smn2_select_lib2_rep2,smn2_select_lib2_rep3,smn2_select_lib3_rep1,smn2_select_lib3_rep2,smn2_select_lib3_rep3
AAAAGTAAGT,145,676,3209.0,4031.0,2318.0,2589.0,340.0,1862.0,694.0
AACAGTAAGT,260,1502,7469.0,9232.0,5297.0,5609.0,572.0,2640.0,1310.0
AAGAGTAAAT,95,600,3016.0,3497.0,2610.0,1859.0,121.0,597.0,172.0
AAGAGTAACT,67,522,2555.0,1893.0,1485.0,1025.0,112.0,857.0,263.0
AAGAGTAAGA,30,164,523.0,1328.0,949.0,909.0,141.0,1259.0,333.0
AAGAGTAAGC,84,402,2152.0,2230.0,945.0,1118.0,135.0,548.0,447.0
AAGAGTAAGG,93,394,2655.0,2862.0,1398.0,1264.0,261.0,1649.0,592.0
AAGAGTAAGT,153,938,4090.0,8060.0,3647.0,3545.0,661.0,2931.0,1414.0
AAGAGTAATT,197,1247,6057.0,4522.0,1971.0,2249.0,149.0,1246.0,427.0
AAGAGTACGT,281,1438,5703.0,2704.0,1945.0,1853.0,89.0,575.0,179.0
AAGAGTAGGT,30,162,863.0,1474.0,599.0,869.0,137.0,659.0,251.0
AAGAGTATGT,51,603,1626.0,3366.0,2216.0,1548.0,295.0,1937.0,491.0
AAGAGTCAGT,151,850,3236.0,1905.0,1260.0,1104.0,172.0,3608.0,471.0
AAGAGTGAGT,88,536,1619.0,2824.0,930.0,1474.0,73.0,544.0,191.0
AAGAGTTAGT,112,907,7844.0,4560.0,1836.0,1841.0,150.0,824.0,341.0
AAGCGTAAGT,210,1025,5083.0,5732.0,2747.0,2696.0,200.0,1920.0,692.0
AAGGGTAAGT,238,1447,8558.0,6573.0,3441.0,3925.0,459.0,2686.0,1659.0
AAGTGTAAGT,129,716,3133.0,2550.0,1489.0,1174.0,124.0,999.0,254.0
AATAGTAAGT,116,801,3800.0,3525.0,1907.0,1907.0,188.0,366.0,254.0
ACAAGTAAGT,466,2467,12046.0,11973.0,6416.0,6467.0,647.0,3385.0,1725.0
ACAGGGAAGA,28,155,1269.0,3869.0,1840.0,1357.0,107.0,780.0,230.0
ACAGGTAAGT,216,820,5280.0,10408.0,4855.0,4702.0,743.0,3349.0,1730.0
ACCAGTAAGT,172,1126,6240.0,5028.0,2638.0,2749.0,307.0,2086.0,713.0
ACGAGTAAAT,38,551,1537.0,2125.0,1137.0,718.0,265.0,965.0,490.0
ACGAGTAACT,50,232,1076.0,4133.0,1943.0,1676.0,87.0,705.0,205.0
ACGAGTAAGA,100,458,2180.0,1039.0,710.0,608.0,32.0,224.0,106.0
ACGAGTAAGC,110,698,3036.0,2855.0,1714.0,1754.0,154.0,938.0,295.0
ACGAGTAAGG,157,858,4609.0,2442.0,1401.0,866.0,110.0,1147.0,479.0
ACGAGTAAGT,221,992,5729.0,6232.0,3082.0,3136.0,406.0,2648.0,1216.0
ACGAGTAATT,191,1232,3296.0,5054.0,2231.0,2152.0,168.0,1118.0,326.0
ACGAGTACGT,250,1778,7313.0,3123.0,2197.0,1151.0,57.0,475.0,316.0
ACGAGTAGGT,101,355,2311.0,2183.0,1076.0,891.0,162.0,529.0,268.0
ACGAGTATGT,80,467,2018.0,3433.0,1892.0,1932.0,243.0,1431.0,623.0
ACGAGTCAGT,52,267,1236.0,2776.0,1356.0,1339.0,281.0,1284.0,486.0
ACGAGTGAGT,186,960,4403.0,3515.0,2318.0,2086.0,332.0,1796.0,477.0
ACGAGTTAGT,144,959,3534.0,2736.0,976.0,1492.0,352.0,1455.0,601.0
ACGCGTAAGT,123,720,4311.0,4439.0,2755.0,2073.0,668.0,3102.0,1174.0
ACGGGTAAGT,127,607,3375.0,4781.0,2093.0,2767.0,658.0,3218.0,1720.0
ACGTGTAAGT,54,443,2563.0,3009.0,916.0,1818.0,80.0,899.0,361.0
ACTAGTAAGT,81,404,2133.0,4366.0,2272.0,2264.0,139.0,362.0,250.0
AGAAGTAAAT,231,1317,5507.0,5363.0,2360.0,2237.0,253.0,1187.0,525.0
AGAAGTAACT,72,483,1895.0,3369.0,1818.0,1760.0,151.0,878.0,344.0
AGAAGTAAGA,334,1987,9526.0,10524.0,4561.0,4025.0,404.0,2620.0,1319.0
AGAAGTAAGC,316,1791,7186.0,4445.0,2385.0,2378.0,279.0,2182.0,912.0
AGAAGTAAGG,461,2787,12568.0,14553.0,5847.0,6258.0,515.0,3364.0,1434.0
AGAAGTAAGT,438,2485,13714.0,10368.0,5719.0,6381.0,673.0,3878.0,1434.0
AGAAGTAATT,130,1061,4929.0,6422.0,3510.0,3321.0,266.0,2251.0,560.0
AGAAGTACGT,440,2245,11972.0,7385.0,2920.0,4056.0,570.0,2668.0,1100.0
AGAAGTAGGT,323,2269,9197.0,8871.0,4584.0,4805.0,261.0,2289.0,613.0
AGAAGTATGT,338,2256,8859.0,5701.0,2245.0,2777.0,339.0,1447.0,654.0
AGAAGTCAGT,371,2350,9814.0,11188.0,5471.0,4602.0,684.0,4221.0,1642.0
AGAAGTGAGT,377,2082,10099.0,15074.0,6972.0,6647.0,705.0,4400.0,1483.0
AGAAGTTAGT,260,1497,6957.0,8237.0,4888.0,4444.0,286.0,1251.0,529.0
AGACGTAAGT,241,1351,7388.0,8333.0,4446.0,4329.0,303.0,2048.0,842.0
AGAGGTAAGT,418,1684,10603.0,11802.0,5771.0,6494.0,614.0,4030.0,1961.0
AGATGTAAGT,500,2936,15574.0,9498.0,4760.0,5082.0,501.0,2172.0,786.0
AGCAGTAAAT,377,2212,12004.0,8534.0,4298.0,3523.0,286.0,1976.0,607.0
AGCAGTAACT,267,1756,8720.0,6609.0,3708.0,3626.0,315.0,2290.0,1116.0
AGCAGTAAGA,167,952,4938.0,7638.0,3687.0,3494.0,350.0,2232.0,960.0
AGCAGTAAGC,145,705,3777.0,6218.0,3584.0,3396.0,335.0,1514.0,607.0
AGCAGTAAGG,480,3144,13139.0,8918.0,3931.0,3948.0,324.0,2634.0,791.0
AGCAGTAAGT,508,2934,13962.0,9430.0,4360.0,4217.0,209.0,1848.0,519.0
AGCAGTAATT,439,2669,11980.0,7650.0,3736.0,3687.0,228.0,1225.0,585.0
AGCAGTACGT,360,2367,10471.0,9008.0,5254.0,5134.0,506.0,3353.0,999.0
AGCAGTAGGT,459,2424,13129.0,7844.0,3804.0,4173.0,332.0,2079.0,803.0
AGCAGTATGT,271,1762,9912.0,13392.0,6306.0,6736.0,423.0,3123.0,1065.0
AGCAGTCAGT,534,3606,16542.0,6962.0,3628.0,3774.0,405.0,2203.0,924.0
AGCAGTGAGT,420,2947,13616.0,10183.0,4747.0,5186.0,423.0,3237.0,1403.0
AGCAGTTAGT,170,1265,5586.0,8175.0,4715.0,3995.0,261.0,1953.0,580.0
AGCCGTAAGT,279,1527,10629.0,13858.0,6873.0,6618.0,941.0,5139.0,2291.0
AGCGGTAAGT,1485,7290,37358.0,21732.0,11925.0,11508.0,880.0,5182.0,2486.0
AGCTGTAAGT,395,2364,12165.0,6718.0,3092.0,3384.0,331.0,1898.0,927.0
AGGAGTAAAA,146,810,3247.0,5327.0,2900.0,2151.0,346.0,2117.0,636.0
AGGAGTAAAC,431,2422,10422.0,7665.0,4020.0,5006.0,378.0,2059.0,630.0
AGGAGTAAAG,121,606,3170.0,6891.0,2481.0,2815.0,263.0,2052.0,688.0
AGGAGTAAAT,327,1695,9705.0,6199.0,3109.0,3633.0,303.0,1552.0,596.0
AGGAGTAACA,196,985,5565.0,5719.0,2847.0,2254.0,296.0,1595.0,537.0
AGGAGTAACC,330,1817,9162.0,9173.0,3110.0,3195.0,510.0,3246.0,942.0
AGGAGTAACG,312,1713,7201.0,4257.0,1798.0,1778.0,194.0,916.0,327.0
AGGAGTAACT,194,1202,6736.0,5656.0,4113.0,3073.0,173.0,1509.0,534.0
AGGAGTAAGA,162,977,5616.0,6081.0,2853.0,2473.0,267.0,1987.0,705.0
AGGAGTAAGC,81,586,3985.0,5757.0,1863.0,2619.0,145.0,1160.0,462.0
AGGAGTAAGG,141,826,3782.0,5303.0,2126.0,2095.0,126.0,758.0,288.0
AGGAGTAAGT,177,822,5076.0,3518.0,2424.0,2437.0,176.0,1157.0,885.0
AGGAGTAATA,336,2065,8481.0,6839.0,3471.0,3076.0,284.0,1704.0,884.0
AGGAGTAATC,147,972,5530.0,7572.0,3717.0,3730.0,178.0,1392.0,438.0
AGGAGTAATG,388,2376,10250.0,6847.0,4650.0,4451.0,436.0,2703.0,1108.0
AGGAGTAATT,148,975,3138.0,6392.0,3054.0,3331.0,275.0,2133.0,543.0
AGGAGTACAT,368,1889,11038.0,6865.0,3526.0,3269.0,413.0,3447.0,801.0
AGGAGTACCT,211,1583,6897.0,7849.0,4973.0,3854.0,430.0,1828.0,741.0
AGGAGTACGA,118,720,2965.0,3551.0,1894.0,1705.0,104.0,1262.0,417.0
AGGAGTACGC,209,1457,7870.0,7987.0,3374.0,4784.0,375.0,2177.0,916.0
AGGAGTACGG,202,948,6408.0,6223.0,1870.0,3038.0,167.0,1515.0,406.0
AGGAGTACGT,465,2851,13624.0,5820.0,2762.0,3092.0,342.0,1598.0,618.0
AGGAGTACTT,153,901,3927.0,2495.0,1383.0,1266.0,180.0,1267.0,294.0
AGGAGTAGAT,239,1566,6054.0,3891.0,2318.0,2164.0,292.0,2430.0,770.0
AGGAGTAGCT,280,1659,7715.0,6045.0,3052.0,3166.0,97.0,894.0,461.0
AGGAGTAGGA,53,270,1812.0,4872.0,2754.0,2426.0,345.0,1835.0,606.0
AGGAGTAGGC,216,1441,5872.0,5166.0,3686.0,3098.0,475.0,2117.0,820.0
AGGAGTAGGG,269,1852,7120.0,9343.0,4561.0,4353.0,442.0,2348.0,771.0
AGGAGTAGGT,119,442,3069.0,5320.0,2802.0,2654.0,292.0,2546.0,947.0
AGGAGTAGTT,352,2129,11383.0,8884.0,4831.0,4441.0,381.0,1409.0,831.0
AGGAGTATAT,396,2224,10248.0,7856.0,4389.0,4079.0,569.0,3152.0,1305.0
AGGAGTATCT,186,1081,5937.0,6678.0,3215.0,3370.0,216.0,1221.0,441.0
AGGAGTATGA,486,3212,14081.0,9040.0,4266.0,4694.0,352.0,2500.0,1066.0
AGGAGTATGC,201,1379,6818.0,9989.0,4021.0,4054.0,477.0,3057.0,916.0
AGGAGTATGG,652,3610,16653.0,10371.0,4557.0,4998.0,433.0,2952.0,1197.0
AGGAGTATGT,188,1143,4521.0,6936.0,3749.0,2907.0,230.0,2720.0,876.0
AGGAGTATTT,156,998,4866.0,7020.0,3623.0,3362.0,237.0,1601.0,731.0
AGGAGTCAAT,73,388,1482.0,4431.0,1641.0,2261.0,492.0,2693.0,678.0
AGGAGTCACT,182,978,5059.0,5667.0,3626.0,2945.0,195.0,1461.0,561.0
AGGAGTCAGA,90,419,2389.0,3608.0,2092.0,2014.0,427.0,1933.0,829.0
AGGAGTCAGC,225,1301,5647.0,10258.0,4714.0,4291.0,421.0,2654.0,1026.0
AGGAGTCAGG,142,881,4360.0,6292.0,2746.0,2984.0,419.0,2099.0,1000.0
AGGAGTCAGT,104,553,2691.0,4225.0,1992.0,2505.0,265.0,1479.0,648.0
AGGAGTCATT,222,1568,7076.0,6805.0,2866.0,2957.0,139.0,1407.0,571.0
AGGAGTCCGT,161,928,4614.0,6278.0,2594.0,3745.0,214.0,950.0,482.0
AGGAGTCGGT,458,2712,11682.0,7149.0,3559.0,3870.0,255.0,1238.0,570.0
AGGAGTCTGT,845,5163,22407.0,12103.0,4829.0,5928.0,388.0,3481.0,1107.0
AGGAGTGAAT,247,1681,7877.0,8540.0,4360.0,4100.0,556.0,3425.0,942.0
AGGAGTGACT,300,1812,9710.0,6015.0,3248.0,3428.0,250.0,1938.0,582.0
AGGAGTGAGA,231,1146,5723.0,8235.0,4711.0,5135.0,582.0,3125.0,1120.0
AGGAGTGAGC,378,2214,9682.0,8823.0,4801.0,3937.0,429.0,2910.0,970.0
AGGAGTGAGG,413,2528,12640.0,8832.0,3592.0,4514.0,506.0,3221.0,1229.0
AGGAGTGAGT,432,2669,12629.0,7204.0,3234.0,3555.0,249.0,2029.0,782.0
AGGAGTGATT,656,3746,18437.0,7926.0,3371.0,3896.0,435.0,3246.0,1222.0
AGGAGTGCGT,377,2273,8354.0,6597.0,3829.0,3278.0,294.0,2509.0,958.0
AGGAGTGGGT,248,1714,7327.0,9621.0,6070.0,4805.0,576.0,3905.0,1443.0
AGGAGTGTGT,356,2194,11776.0,10581.0,5432.0,4660.0,472.0,2880.0,961.0
AGGAGTTAAT,81,516,2660.0,4367.0,2556.0,2148.0,158.0,715.0,283.0
AGGAGTTACT,375,1885,9572.0,5163.0,2318.0,2945.0,141.0,1035.0,380.0
AGGAGTTAGA,567,2804,16106.0,6404.0,3904.0,3265.0,334.0,1866.0,662.0
AGGAGTTAGC,248,1748,8344.0,8554.0,4414.0,4224.0,333.0,2480.0,773.0
AGGAGTTAGG,412,2928,12255.0,8868.0,3721.0,3787.0,314.0,1673.0,699.0
AGGAGTTAGT,136,905,5006.0,6579.0,2960.0,3028.0,495.0,2184.0,831.0
AGGAGTTATT,350,2441,10474.0,9692.0,5227.0,4287.0,594.0,2024.0,1116.0
AGGAGTTCGT,171,1108,5508.0,6486.0,2439.0,2577.0,496.0,2026.0,611.0
AGGAGTTGGT,310,2058,8332.0,7877.0,3900.0,4182.0,540.0,2576.0,983.0
AGGAGTTTGT,407,2454,10296.0,8691.0,3688.0,4141.0,326.0,3044.0,1058.0
AGGCGTAAAT,120,866,4266.0,4170.0,2425.0,1677.0,256.0,1344.0,609.0
AGGCGTAACT,180,1346,6733.0,4480.0,2685.0,2246.0,323.0,1889.0,629.0
AGGCGTAAGA,52,578,3026.0,3867.0,2352.0,2129.0,261.0,2011.0,968.0
AGGCGTAAGC,157,1118,5277.0,5713.0,2332.0,2477.0,223.0,1362.0,465.0
AGGCGTAAGG,322,2200,9556.0,7316.0,3203.0,2902.0,310.0,2031.0,1075.0
AGGCGTAAGT,93,442,2249.0,5262.0,3058.0,2831.0,191.0,1368.0,549.0
AGGCGTAATT,133,981,4211.0,4153.0,2562.0,1997.0,329.0,2157.0,658.0
AGGCGTACGT,199,1263,7288.0,7457.0,4658.0,3551.0,267.0,1100.0,586.0
AGGCGTAGGT,236,1665,6004.0,7647.0,3609.0,3675.0,359.0,1692.0,825.0
AGGCGTATGT,594,3360,16126.0,6878.0,2971.0,3887.0,216.0,1970.0,717.0
AGGCGTCAGT,93,469,2179.0,5236.0,2254.0,2395.0,198.0,1146.0,781.0
AGGCGTGAGT,249,1780,8647.0,6395.0,2848.0,3219.0,289.0,2055.0,562.0
AGGCGTTAGT,205,1469,5837.0,4628.0,2702.0,1977.0,490.0,2149.0,966.0
AGGGGTAAAT,159,1085,4626.0,7165.0,3909.0,3018.0,244.0,1354.0,602.0
AGGGGTAACT,172,1022,3655.0,4883.0,3038.0,2732.0,338.0,1271.0,466.0
AGGGGTAAGA,439,1900,12963.0,6124.0,3338.0,3247.0,206.0,2342.0,896.0
AGGGGTAAGC,186,982,7095.0,6912.0,3276.0,3077.0,269.0,2022.0,932.0
AGGGGTAAGG,131,720,4630.0,3654.0,1912.0,2056.0,232.0,1180.0,782.0
AGGGGTAAGT,826,4016,21035.0,17309.0,8064.0,8324.0,860.0,6463.0,2853.0
AGGGGTAATT,320,2120,9166.0,5725.0,3938.0,2711.0,298.0,1275.0,698.0
AGGGGTACGT,261,1463,7332.0,6106.0,4222.0,4153.0,320.0,1736.0,970.0
AGGGGTAGGT,158,658,4058.0,6295.0,2752.0,3035.0,250.0,1627.0,524.0
AGGGGTATGT,271,1587,6734.0,9875.0,5207.0,4613.0,296.0,1920.0,888.0
AGGGGTCAGT,147,582,2740.0,6598.0,3754.0,3057.0,179.0,1137.0,631.0
AGGGGTGAGT,631,3264,16830.0,6655.0,3477.0,3474.0,380.0,2604.0,1155.0
AGGGGTTAGT,132,809,3085.0,6696.0,3645.0,2685.0,343.0,1791.0,796.0
AGGTGTAAAT,70,452,2290.0,2825.0,1370.0,1338.0,168.0,914.0,407.0
AGGTGTAACT,229,942,6202.0,3868.0,2096.0,2331.0,68.0,435.0,198.0
AGGTGTAAGA,98,656,2663.0,5666.0,3301.0,3252.0,305.0,1855.0,678.0
AGGTGTAAGC,178,1331,5702.0,4874.0,2438.0,2590.0,202.0,1737.0,559.0
AGGTGTAAGG,190,1156,5091.0,4095.0,2938.0,2828.0,171.0,940.0,312.0
AGGTGTAAGT,89,549,2470.0,5318.0,2417.0,2350.0,168.0,1359.0,509.0
AGGTGTAATT,176,1114,6083.0,5367.0,3017.0,2697.0,118.0,1353.0,407.0
AGGTGTACGT,352,2373,13479.0,8343.0,4031.0,4235.0,458.0,2879.0,1247.0
AGGTGTAGGT,255,1820,8642.0,7228.0,2966.0,2579.0,284.0,1905.0,831.0
AGGTGTATGT,540,3250,16486.0,6851.0,4433.0,3931.0,353.0,1608.0,654.0
AGGTGTCAGT,299,1566,7816.0,6980.0,3326.0,3113.0,326.0,2534.0,826.0
AGGTGTGAGT,175,1009,4783.0,6222.0,3461.0,3414.0,377.0,1702.0,696.0
AGGTGTTAGT,350,2051,8964.0,5466.0,2001.0,2315.0,379.0,1818.0,577.0
AGTAGTAAAT,464,2761,13614.0,5821.0,3120.0,2587.0,221.0,1352.0,540.0
AGTAGTAACT,314,2033,9999.0,6832.0,3971.0,3601.0,331.0,2184.0,749.0
AGTAGTAAGA,297,2219,9157.0,7932.0,3216.0,3437.0,250.0,1863.0,578.0
AGTAGTAAGC,300,2143,9933.0,9543.0,4639.0,3411.0,261.0,1930.0,727.0
AGTAGTAAGG,496,3076,13846.0,11154.0,4747.0,4862.0,351.0,1978.0,1067.0
AGTAGTAAGT,231,929,5059.0,8949.0,4411.0,4856.0,295.0,1222.0,451.0
AGTAGTAATT,276,1671,8284.0,6963.0,2980.0,2522.0,287.0,1052.0,459.0
AGTAGTACGT,304,1735,7165.0,10255.0,4121.0,5630.0,295.0,1768.0,878.0
AGTAGTAGGT,198,1465,6282.0,4863.0,3092.0,2948.0,246.0,1627.0,506.0
AGTAGTATGT,367,1972,9271.0,8796.0,4514.0,4167.0,271.0,1648.0,679.0
AGTAGTCAGT,158,1285,5232.0,5962.0,3149.0,2405.0,207.0,1685.0,575.0
AGTAGTGAGT,191,1569,7739.0,8249.0,3919.0,4291.0,150.0,1472.0,524.0
AGTAGTTAGT,374,2752,9796.0,8412.0,3672.0,3832.0,316.0,2460.0,874.0
AGTCGTAAGT,355,1782,10763.0,4575.0,3284.0,3436.0,473.0,1911.0,915.0
AGTGGTAAGT,980,5090,28040.0,27507.0,13132.0,12796.0,1695.0,10784.0,4756.0
AGTTGTAAGT,215,1277,5434.0,8481.0,4370.0,3626.0,299.0,1806.0,759.0
ATAAGTAAGT,154,611,3778.0,2916.0,2566.0,2046.0,165.0,676.0,280.0
ATCAGTAAGT,292,1560,7617.0,8684.0,3690.0,3989.0,406.0,1607.0,674.0
ATGAGTAAAT,355,2266,11086.0,8193.0,3408.0,3447.0,444.0,2562.0,924.0
ATGAGTAACT,182,1050,5831.0,7767.0,3376.0,3568.0,301.0,2096.0,695.0
ATGAGTAAGA,153,732,4991.0,4247.0,2064.0,1979.0,140.0,987.0,338.0
ATGAGTAAGC,260,1609,8293.0,4198.0,2865.0,2526.0,208.0,1704.0,510.0
ATGAGTAAGG,240,1074,7173.0,5652.0,3489.0,3060.0,270.0,2442.0,716.0
ATGAGTAAGT,724,4435,22653.0,12374.0,6172.0,6161.0,545.0,3393.0,1418.0
ATGAGTAATT,163,1121,4535.0,4901.0,1458.0,1994.0,167.0,1267.0,408.0
ATGAGTACGT,260,1464,7172.0,7444.0,4920.0,4198.0,386.0,2811.0,1058.0
ATGAGTAGGT,562,3008,15186.0,9482.0,5235.0,5001.0,426.0,3570.0,1247.0
ATGAGTATGT,209,1250,5582.0,7219.0,4333.0,2994.0,240.0,1256.0,607.0
ATGAGTCAGT,438,2536,12915.0,9378.0,5046.0,4385.0,369.0,1925.0,627.0
ATGAGTGAGT,377,2376,10700.0,8168.0,5217.0,4319.0,339.0,2460.0,1182.0
ATGAGTTAGT,138,905,5421.0,7224.0,3748.0,4068.0,304.0,1428.0,513.0
ATGCGTAAGT,699,3690,17960.0,13303.0,7136.0,7342.0,569.0,4319.0,1736.0
ATGGGTAAGT,1284,5765,33615.0,16640.0,7677.0,9023.0,544.0,4037.0,1638.0
ATGTGTAAGT,154,692,3724.0,3974.0,2045.0,2101.0,204.0,1184.0,498.0
ATTAGTAAGT,253,1558,6025.0,7134.0,4254.0,3777.0,289.0,2555.0,596.0
CAGAGTAAGT,222,1346,5675.0,8069.0,4123.0,4458.0,601.0,3001.0,1303.0
CCAGGGAAGA,100,931,5370.0,2646.0,957.0,1121.0,204.0,1059.0,436.0
CCAGGTAAGT,636,2894,15861.0,11657.0,6261.0,7388.0,780.0,4259.0,2337.0
CCGAGTAAGT,259,1464,8449.0,6979.0,3398.0,3453.0,643.0,3135.0,1478.0
CGAAGTAAGT,617,3406,16616.0,8429.0,3887.0,3425.0,343.0,2434.0,1102.0
CGCAGTAAGT,569,2890,14491.0,18113.0,10614.0,9338.0,639.0,4091.0,1707.0
CGGAGTAAAT,214,1257,6231.0,4869.0,2280.0,3035.0,2271.0,1621.0,729.0
CGGAGTAACT,64,436,2771.0,2495.0,1202.0,1142.0,118.0,568.0,246.0
CGGAGTAAGA,59,382,2522.0,2844.0,1301.0,1261.0,152.0,1300.0,435.0
CGGAGTAAGC,109,630,3150.0,3536.0,1723.0,1513.0,188.0,1225.0,384.0
CGGAGTAAGG,87,601,2701.0,3281.0,2078.0,1904.0,201.0,658.0,287.0
CGGAGTAAGT,170,807,3767.0,5223.0,3049.0,3078.0,213.0,1300.0,784.0
CGGAGTAATT,159,915,4409.0,6048.0,2549.0,3011.0,228.0,1425.0,424.0
CGGAGTACGT,81,629,2659.0,2896.0,1744.0,2015.0,302.0,650.0,423.0
CGGAGTAGGT,169,1090,5166.0,5105.0,2895.0,2355.0,368.0,1965.0,972.0
CGGAGTATGT,111,541,4447.0,6362.0,3434.0,2934.0,358.0,2587.0,960.0
CGGAGTCAGT,111,747,3470.0,5283.0,2302.0,3125.0,361.0,3027.0,936.0
CGGAGTGAGT,114,565,2995.0,4407.0,1571.0,1773.0,270.0,1632.0,578.0
CGGAGTTAGT,154,1212,6804.0,6497.0,2850.0,2738.0,298.0,1679.0,831.0
CGGCGTAAGT,220,1304,6135.0,4806.0,1833.0,2357.0,306.0,1920.0,888.0
CGGGGTAAGT,478,1822,12069.0,6614.0,3188.0,3678.0,569.0,2850.0,1483.0
CGGTGTAAGT,65,399,1834.0,4253.0,1754.0,1827.0,274.0,3495.0,748.0
CGTAGTAAGT,133,923,4255.0,5129.0,2347.0,2259.0,237.0,1352.0,298.0
CTGAGTAAGT,259,1373,7824.0,8378.0,5029.0,4330.0,387.0,2321.0,1062.0
GAGAGTAAGT,244,1480,5700.0,6809.0,3833.0,3980.0,354.0,1346.0,761.0
GCAGGGAAGA,18,41,757.0,3035.0,1265.0,1118.0,306.0,1188.0,620.0
GCAGGTAAGT,731,3148,18922.0,12850.0,6602.0,6349.0,924.0,5351.0,2414.0
GCGAGTAAGT,104,844,3103.0,3000.0,2002.0,1381.0,278.0,1679.0,817.0
GGAAGTAAGT,280,1675,7120.0,5804.0,2607.0,2524.0,159.0,1521.0,653.0
GGCAGTAAGT,282,1800,8392.0,7032.0,4228.0,4010.0,283.0,2116.0,786.0
GGGAGTAAAT,210,1088,6278.0,3412.0,1881.0,2711.0,162.0,1298.0,549.0
GGGAGTAACT,210,1352,5526.0,4738.0,2475.0,2597.0,339.0,1490.0,576.0
GGGAGTAAGA,476,3032,13417.0,7421.0,3100.0,3293.0,398.0,2694.0,1107.0
GGGAGTAAGC,199,1440,5783.0,6130.0,3116.0,3639.0,501.0,2487.0,952.0
GGGAGTAAGG,364,2353,9739.0,8699.0,4001.0,3745.0,546.0,3009.0,1050.0
GGGAGTAAGT,384,2367,11208.0,6689.0,3834.0,4111.0,323.0,1876.0,666.0
GGGAGTAATT,116,612,3659.0,5226.0,2904.0,3350.0,242.0,2093.0,814.0
GGGAGTACGT,684,3632,16210.0,7727.0,3703.0,3342.0,378.0,2125.0,752.0
GGGAGTAGGT,225,1309,8116.0,7449.0,3848.0,3519.0,417.0,1835.0,720.0
GGGAGTATGT,253,1690,6760.0,8568.0,4469.0,4271.0,348.0,2490.0,895.0
GGGAGTCAGT,240,1693,8031.0,9450.0,4295.0,4481.0,503.0,2586.0,1039.0
GGGAGTGAGT,145,953,3690.0,11197.0,7169.0,5712.0,547.0,3599.0,1367.0
GGGAGTTAGT,351,2500,12600.0,11736.0,5178.0,4588.0,546.0,3631.0,1581.0
GGGCGTAAGT,111,683,3096.0,3101.0,2001.0,2066.0,362.0,1463.0,611.0
GGGGGTAAGT,494,2471,14895.0,11515.0,6194.0,5507.0,865.0,3899.0,2013.0
GGGTGTAAGT,144,978,3649.0,4485.0,2717.0,2411.0,318.0,1039.0,494.0
GGTAGTAAGT,582,3812,14622.0,8553.0,4520.0,4207.0,326.0,1394.0,614.0
GTGAGTAAGT,50,515,3355.0,5610.0,3756.0,2772.0,246.0,1517.0,740.0
TAGAGTAAGT,41,356,1784.0,3480.0,1709.0,1750.0,339.0,1944.0,661.0
TCAGGGAAGA,14,113,321.0,2904.0,1036.0,1078.0,218.0,733.0,308.0
TCAGGTAAGT,185,774,3655.0,5361.0,2090.0,2374.0,158.0,913.0,646.0
TCGAGTAAGT,28,57,386.0,2575.0,1298.0,1544.0,458.0,1067.0,453.0
TGAAGTAAGT,436,2321,10754.0,10932.0,7487.0,6215.0,491.0,2793.0,1442.0
TGCAGTAAGT,281,1930,9207.0,6275.0,2892.0,3398.0,275.0,1631.0,575.0
TGGAGTAAAT,129,954,4170.0,5612.0,2272.0,2307.0,197.0,1936.0,482.0
TGGAGTAACT,122,1129,6787.0,5569.0,2940.0,2845.0,140.0,1011.0,354.0
TGGAGTAAGA,64,314,1640.0,2812.0,2386.0,1853.0,390.0,1633.0,764.0
TGGAGTAAGC,121,636,3547.0,4084.0,1740.0,1707.0,80.0,1008.0,398.0
TGGAGTAAGG,133,631,4254.0,4326.0,2761.0,1867.0,224.0,1916.0,707.0
TGGAGTAAGT,181,1066,6057.0,5505.0,3209.0,2565.0,244.0,1302.0,602.0
TGGAGTAATT,80,578,2895.0,6196.0,2897.0,2828.0,119.0,801.0,344.0
TGGAGTACGT,178,1144,5300.0,3606.0,1524.0,1680.0,240.0,2144.0,617.0
TGGAGTAGGT,171,1002,4884.0,7712.0,4103.0,3818.0,533.0,2863.0,1021.0
TGGAGTATGT,263,1669,6560.0,7026.0,3888.0,3325.0,413.0,2220.0,814.0
TGGAGTCAGT,276,1776,8313.0,10772.0,5160.0,4602.0,539.0,3568.0,1060.0
TGGAGTGAGT,161,1015,3864.0,7075.0,3434.0,3203.0,278.0,3088.0,967.0
TGGAGTTAGT,98,601,3136.0,5906.0,1948.0,1603.0,280.0,1398.0,503.0
TGGCGTAAGT,54,370,2115.0,7883.0,2923.0,3167.0,159.0,1328.0,680.0
TGGGGTAAGT,849,4103,24679.0,15168.0,7297.0,9398.0,724.0,5263.0,2372.0
TGGTGTAAGT,91,456,2078.0,4304.0,1933.0,2311.0,240.0,1369.0,591.0
TGTAGTAAGT,144,863,3574.0,6307.0,2780.0,2849.0,245.0,1605.0,520.0
TTGAGTAAGT,371,2154,12720.0,5590.0,2740.0,3255.0,239.0,1846.0,769.0
